{
  "date": "2021-03-17T17:14:57.998Z",
  "body": "# COMO ESCOLHER A ROUPA DE BATIZADO\n\nO **batismo** é um dos momentos mais importantes de celebração, agradecimento e fé após a chegada de um filho,  porém nesse momento surge inúmeras dúvida nas mamães de primeira viagem relacionada à escolha da ***roupa de batizado do bebê***.\nAinda que seja apenas uma *cerimônia religiosa tradicional*, existem muitas opções, entre elas se a mãe vai optar por um visual tradicional ou um look mais moderno, naquele momento simboliza a bênção, a proteção e a iniciação da criança no mundo físico sendo apresentada às benção celestiais.\n\n## OPTE PELO BRANCO OU OUTROS TONS CLAROS\n\nO branco predomina nas **cerimônias de batismo**. Isso porque, embora a escolha da cor não seja uma regra, contudo, algumas paróquias fazem questão do branco, trata-se de uma simbologia que representa a pureza da nova vida. Por isso.\nNo entanto, é possível, adicionar cores ao visual, emprestando suavidade à *roupa do bebê*, característica da ocasião. Assim, você pode optar por *roupas de cores mais claras*, como bege, azul-bebê,, por exemplo.\n\n### NÃO SE ESQUEÇA DA ESTAÇÃO DO ANO\n\n\nDevido à ansiedade pela chegada do bebê e pelo momento da celebração, as mamães escolhem as ***roupas para o batizado*** de seus lhos com um pouco de antecedência. Nesse momento, elas devem estar atentas à estação do ano que o *batizado* será realizado, garantindo que as peças tenham as características ideais da estação e que garantam o conforto dos bebês.\nPara o verão, escolha peças de tecidos leves e fresquinhos como o tricoline 100% algodão, que permitam que a pele sensível do bebê respire. Já para o inverno dê preferência a roupas mais grossas e quentinhas, que irão proteger o bebê do vento frio e da água do batismo.\n\nAgora que você já sabe de todos os pontos mais importantes na hora de escolher a ***roupa de batizado ideal para o seu bebê***, opte por comprar com a [Camisaria Blue Kids](https://www.bluekids.com.br/roupa-infantil-batizado), especializada em ***roupa infantil masculina*** produzidas especialmente para bebês.\n\n\n\n\n\ntags: **roupa de batizado masculino**, **roupa batizado menino**, **roupa batizado masculino**, **roupa para batizado masculino**, r**oupas de batizado masculino**, **roupa para batizado masculino 2 anos**, **roupa para batizado masculino 1 anos**",
  "title": "COMO ESCOLHER A ROUPA DE BATIZADO",
  "meta_title": "como escolher a roupa de batizado",
  "meta_description": "O batismo é um dos momentos mais importantes de celebração, agradecimento e fé após a chegada de um filho,  porém nesse momento surge inúmeras dúvida nas mamães de primeira viagem relacionada à escolha da roupa de batizado do bebê",
  "sections": [
    {
      "type": "collection-shelf",
      "shuffle": false,
      "limit": 12,
      "page": 1,
      "collection_id": "5fa0c445b2161709fa47bbe0:categories:Roupa Batismo:/roupa-infantil-batizado",
      "sort": "sales",
      "title": "ROUPA DE BATIZADO INFANTIL MASCULINA"
    }
  ]
}