{
  "date": "2020-03-09T21:29:40.175Z",
  "body": "## **CONFIRA ALGUMAS ROUPA PARA ANIVERSÁRIO**\n\n\n\nQuando o assunto é **festa para as crianças**, pensar numa **roupa infantil confortável** e que permita que a criança brinque sem se sentir presa com os amiguinhos é fundamental. Se tem uma coisa que as crianças amam são as **festas de aniversário**. Encontrar os amigos e brincar muito em um clima descontraído, com uma decoração bem divertida e cheia de guloseimas é sem dúvidas um momento mais do que esperado para os pequenos.\n\nPara entrar nesse delicioso clima de diversão e muita alegria, nós da Blue Kids separamos algumas [roupinhas que as crianças](https://www.bluekids.com.br/conjuntos) vão amar! Confira:\n\n### [ROUPA DE FESTA SAFARI](https://www.bluekids.com.br/colecao-safari):\n\nSe tem uma estampa que é sucesso absoluto entre as mamães e a criançada, o **tema Safari** é o campeão. Para os meninos se divertirem! Vestido com uma **linda roupinha** cheinha de lindas girafinhas, leões, elefantinhos e macaquinhos. Tudo produzido em tecido **Tricoline 100% Algodão**!\n\n\n\n![Roupa Festa de Menino Safari](/img/uploads/safari-manga-longa-mqrrom-e-calca-branca7_easy-resize.com-1-.jpg \"Roupa Infantil Safari\")\n\n\n\n### [CONJUNTO INFANTIL FUNDO DO MAR](https://www.bluekids.com.br/colecao-fundo-do-mar)\n\nSe tem algo que meche com a imaginario infantil e proporciona excelentes temas para **festa de aniversário** e **ensaios fotográficos** são as **[roupas com temática Fundo do Mar](https://www.bluekids.com.br/conjunto-roupa-infantil-fundo-do-mar-peixinho-nemo)**.\n\nEsse tema é tão versátil que atualmente você encontra estampas com desenhos de baleias, [baby shark](https://www.bluekids.com.br/roupa-festa-infantil-camisa-baby-shark-tubaroes-bermuda-suspensorio-e-gravata) e até mesmo peixinho nemo. Pense na beleza e todo luxo que uma **festa pool party** - **Festa na Piscina**, pode proporcionar!\n\nVamos ver um pouco dos looks com tema fundo do mar:\n\n![Roupa Fundo do Mar](/img/uploads/roupa-infantil-fundo-do-mar-baleia-azul-1_easy-resize.com-2-.jpg \"roupa para menino fundo do mar\")\n\n\n\n### [ROUPA INFANTIL COM TEMA URSINHOS](https://www.bluekids.com.br/colecao-ursinhos)\n\nNão há nenhum outro tema que seja mais fofo e infantil que as **estampas com ursinhos e principes**, toda mãe, em algum momento terá uma **roupinha com ursinhos** ou pricipes, também não é para menos, este tema traduz toda doçura e encantamento que as crianças nos causam e, como é bom admirá-las bem vestidas com uma r**oupa bonita**.\n\n![Roupa infantil ursinho](/img/uploads/ursinho-marinheiro-azul-1_easy-resize.com.jpg \"roupa infantil menino ursinhos\")\n\n### [CONHEÇA A BLUE KIDS](https://www.bluekids.com.br):\n\nPara deixar os meninos no estilo, a Blue Kids produz com todo o carinho **roupa para festa infantil de qualidade**, como [camisa social infantil manga curta](https://www.bluekids.com.br/camisa-social), **[bermuda social infantil](https://www.bluekids.com.br/bermuda-social)**, calça infantil, tudo complementado com um lindo **suspensório infantil** e gravata borboleta.\n\nNossa meta é que além de modernas e bonitas, nossa roupas proporcione ao seu filho brinca à vontade e com muito conforto!",
  "title": "CONFIRA LOOKS DE ROUPA INFANTIL PARA FESTA DO SEU FILHO",
  "thumbnail": "",
  "alt": "Blue Kids | Roupa Social Para Meninos",
  "meta_title": "CONFIRA LOOKS DE ROUPA INFANTIL PARA FESTA DO SEU FILHO",
  "meta_description": "Quando o assunto é **festa para as crianças**, pensar numa **roupa infantil confortável** e que permita que a criança brinque sem se sentir presa com os amiguinhos é fundamental.",
  "sections": [
    {
      "type": "breadcrumbs",
      "enabled": true
    },
    {
      "type": "page-title"
    },
    {
      "type": "blog-post",
      "enabled": true
    }
  ]
}