{
  "date": "2021-03-17T03:29:31.831Z",
  "body": "# Renda-se ao suspensório infantil\n\nO *suspensório infantil* tem sido muito utilizado por aliar praticidade, fofura e beleza em uma única peça de roupa, possibilitando a criação de diversos *looks estilosos* para todas as ocasiões.\n\nO suspensório é um o acessório para substituir o cinto e deixar a roupa sempre alinhada, além de ser uma peça muito divertida, principalmente se tratando do tamanho infantil! Ao vestir seu filho a diversão pode ficar por conta desse acessório amado por todas as mamães.\n\nNo entanto, o mais legal do *suspensório infantil* é que seja qual for a preferência da mamãe, a gente consegue encaixar o acessório em diversas *roupinhas*, sejam elas mais formais como *aniversário* ou *batizado*, tanto como aquele look casual que ressalta toda a personalidade do seu filho.\n\nO suspensório cai como uma luva quando você junta uma *calça infantil* ou *bermuda social* colorida, um tênis e, até mesmo uma ***camisa infantil*** jeans ou xadrez, e pronto. Temos um príncipe muito estiloso, pronto para arrancar suspiros.\n\nA infância é aquela época que passa rápido demais para os pais — piscou os olhos, os filhos já cresceram. Uma das partes ruins desse crescimento acelerado é que as **crianças** perdem as suas **roupas** a todo momento, por este motivo, é necessário sempre repor o guarda-roupa dos pequenos. Nessas horas, ter um acessório coringa como o suspensório é só o que você precisa para facilitar a vida.\n\nOutra forma bem interessante de usar o suspensório infantil, é deixá-lo solto, pois ele não é utilizado apenas pela sua função, mas também para dar aquele estilo despojado e com muita personalidade.\n\nNa [Camisaria Blue Kids](https://www.bluekids.com.br) você encontra diversas roupas infantis masculina com suspensório infantil e gravata borboleta, além de **[camisa social infantil temática para aniversário](https://www.bluekids.com.br/camisa-social-manga-curta)** e ***[conjunto para batizado de bebê menino](https://www.bluekids.com.br/roupa-infantil-batizado)***.",
  "title": "Renda-se ao suspensório infantil",
  "meta_description": "O suspensório infantil tem sido muito utilizado por aliar praticidade, fofura e beleza em uma única peça de roupa, possibilitando a criação de diversos *looks estilosos* para todas as ocasiões.",
  "meta_title": "suspensorio infantil menino | Blue Kids",
  "sections": [
    {
      "type": "collection-shelf",
      "shuffle": true,
      "limit": 4,
      "page": 1,
      "collection_id": "5e28567862887026009bec92:categories:Conjunto Infantil:/conjuntos",
      "sort": "views",
      "title": "Roupa Infantil Menino em Destaque"
    }
  ]
}