{
  "date": "2021-03-16T03:01:22.106Z",
  "body": "## Roupa infantil e especial para o seu bebê\n\nQual mãe não gosta de ver seu filho sempre bem vestido e estiloso? \n\nÉ uma preocupação constante para estar em dia com o que há de mais bonito ou com produtos de qualidade e bom gosto, sem esquercer-se ainda com a praticidade e o conforto. Ufa ! Sãi tantas coisas para se preocupar.\n\nPois é. Mãe é assim mesmo, pois seu filho é único e é por isso que o estilo dele, também deve ser!. \n\nA [Camisaria Blue Kids](https://www.bluekids.com.br) especializou-se em produzir ***roupa par festa temática infantil*** à pronta entrega, que permite à mamãe vestir o seu príncipe com a estampa mais amadas do momento, sejam elas para o *batizado*, *festinha de aniversário* ou até mesmo para aquele *ensaio fotográfico* que vai marcar a época mais fofa do seu bebê.\n\nSão muitas estampas, desde as mais novas, como ***[roupa infantil para aniversário safári](https://www.bluekids.com.br/roupas-bebe-safari), [roupa menino baby shark](https://www.bluekids.com.br/baby-shark)*** ou, até mesmo as mais clássicas com [pequeno príncipe](https://www.bluekids.com.br/conjunto-roupa-social-pequeno-infantil-principe-4560) ou look para [festa realeza](https://www.bluekids.com.br/roupas-bebe-realeza). etc.\n\nEnfim, são diversos temas e estampas para a roupa de *aniversário infantil* para o seu menino arrazar na sua festinha.\n\nO objetivo da Blue Kids é encantar seus clientes com *roupinhas de alta qualidade* e acabamento, produzido por quem entende de roupa infantil.",
  "title": "Roupa infantil e especial para o seu bebê",
  "meta_title": "Roupa infantil e especial para o seu bebê | Blue Kids",
  "meta_description": "A Camisaria Blue Kids especializou-se em produzir roupa par festa temática infantil à pronta entrega, que permite à mamãe vestir o seu príncipe com a estampa mais amadas do momento, sejam elas para o batizado, festinha de aniversário ou até mesmo para aquele ensaio fotográfico que vai marcar a época mais fofa do seu bebê.",
  "sections": [
    {
      "type": "blog",
      "enabled": true
    }
  ],
  "thumbnail": ""
}