{
  "assetsByChunkName": {
    "vendors~app-account~app-confirmation~app-order": "chunk.67402181639e38fb2260.js",
    "vendors~app-account~app-checkout": "chunk.4998ebdb21a9fdc4fabc.js",
    "vendors~app-cart~app-checkout": "chunk.c8bb49bdee8f3ad4cd09.js",
    "admin": [
      "admin.59f1030f8a42fe588673.js",
      "admin.59f1030f8a42fe588673.js.map"
    ],
    "app-account": "chunk.00c57154240f631f0759.js",
    "app-confirmation": "chunk.0dcd7ab22a3ce9cc9606.js",
    "app-order": "chunk.bf8f736ce4462a5be7d6.js",
    "checkout": [
      "checkout.3888db29fe50166d4e57.js",
      "checkout.3888db29fe50166d4e57.js.map"
    ],
    "storefront": [
      "storefront.ae2f9d496f3bc952d27b.css",
      "storefront.5e826dd621de0cdc9952.js",
      "storefront.ae2f9d496f3bc952d27b.css.map",
      "storefront.5e826dd621de0cdc9952.js.map"
    ],
    "vendors~app-cart": "chunk.7a95bf99c19d8896be4d.js",
    "vendors~app-checkout": "chunk.b5ccc13b96b8d5232a0f.js"
  }
}