{
  "title": "Sobre nós",
  "meta_title": "Sobre nós | Blue Kids | Roupa social infantil",
  "meta_description": "roupa social infantil para festa aniversario meninos 1 ano, 2 anos e 3 anos com diversas estampas e temas",
  "body": "A BLUE KIDS surgiu no ano de 2017 com a finalidade de produzir e comercializar [roupa infantil de qualidade](www.bluekids.com.br/conjuntos), se destacando com excelência de atendimento ao cliente, proporcionando a melhor e segura experiência de compra pela internet.\n\nAcreditamos fielmente que uma venda termina apenas quando o cliente inicia uma outra, razão pela qual sempre estaremos disponíveis para o rápido atendimento mesmo no pós-venda, fase que consideramos essencial para o sucesso ou insucesso de uma empresa.\n\nNossos valores são:\n\n1. [Respeito ao cliente](https://bluekids.com.br/pages/termos);\n2. Cumprimento de prazos estabelecidos;\n3. [Segurança nas transações online](https://bluekids.com.br/pages/privacidade), por isso contratamos empresa conhecida e certificada para gerenciar o processo de [pagamento por cartão de crédito](https://bluekids.com.br/pages/pagamentos), evitando assim os[ riscos com clonagem de dados e furto de dados financeiros](https://bluekids.com.br/pages/privacidade).\n4. Respeito ao Código de Defesa do Consumidor, notadamente o relacionado a desistência,[ arrependimento e devolução no prazo de 07 (sete)](https://bluekids.com.br/pages/trocas) dias após o cliente receber o produto;\n\nPor último.\n\nestamos abertos à sugestões e clíticas, as quais consideramos necessárias e são muito bem vindas.\n\nAgradecemos sua visita!",
  "sections": [
    {
      "type": "breadcrumbs",
      "enabled": true
    },
    {
      "type": "page-title",
      "title": "SOBRE A BLUE KIDS",
      "description": "A BLUE KIDS surgiu no ano de 2017 com a finalidade de produzir e comercializar [roupa infantil de qualidade](www.bluekids.com.br/conjuntos), se destacando com excelência de atendimento ao cliente, proporcionando a melhor e segura experiência de compra pela internet."
    },
    {
      "type": "extra-page",
      "enabled": true
    }
  ]
}