{
  "title": "Termos de serviço",
  "meta_title": "Termos de serviço | Blue Kids",
  "meta_description": "Termos de serviço. A Blue Kids se preocupa com a qualidade do serviço e de seus produtos",
  "body": "## **Comprar na Blue Kids é confiável ?**\n\nComprar na Blue Kids é confiável sim. Crescemos com a internet, e achamos incrível o poder que essa ferramenta possibilita de nos relacionarmos com clientes do Brasil inteiro.\n\nInicialmente gostaríamos de demonstrar que nós da Camisaria Blue Kids, estamos constantemente auditados através do  MOVIMENTO COMPRE & CONFIE  idealizado para promover a rede de confiança no mercado online, incluindo você no acompanhamento de transações realizadas com o seu CPF nas lojas participantes, possibilitando a notificação imediata de compras indevidas e avaliação das lojas virtuais.\n\nA Blue Kids sempre estará disposta a lhe oferecer o produto e o serviço da melhor qualidade e com o melhor preço, para você.\n\nMas como saber se a loja Blue Kids é realmente confiável?\n\nPerguntas como estas são comuns ao fazer compras pela internet, mas não pense que isso nos incomoda, muito pelo contrário, pois assim teremos a chance de mostrar nossas qualidades e provar que somos totalmente confiável.\n\nA Blue Kids fornece seus produtos para diversos parceiros de renome e, estamos presentes nos maiores Marketprace do Brasil, como: Americanas.com, Submarino, Shoptime, Tricae, Dafiti, Mercado Livre e Elo7\n\nAqui na Blue Kids trabalhamos para o cliente. Procuramos não apenas atender às necessidades, mas superar expectativas. Nosso intuito é encantar e fazer com que os consumidores tenham a melhor experiência de compra e atendimento.",
  "sections": [
    {
      "type": "breadcrumbs",
      "enabled": true
    },
    {
      "type": "page-title",
      "title": "Termos de serviço",
      "description": "A Blue Kids sempre estará disposta a lhe oferecer o produto e o serviço da melhor qualidade e com o melhor preço, para você."
    },
    {
      "type": "extra-page",
      "enabled": true
    }
  ]
}