{
  "title": "Blog Camisaria Blue Kids",
  "meta_title": "Blog da Camisaria Blue Kids | Blue Kids",
  "meta_description": "Blog da Camisaria Blue Kids acompanhe as dicas que fizemos especialmente para você vestir seu filho com as mais lindas roupas para bebe menino",
  "sections": [
    {
      "type": "breadcrumbs",
      "enabled": true
    },
    {
      "type": "page-title"
    },
    {
      "type": "blog",
      "enabled": false
    },
    {
      "type": "collection-shelf",
      "shuffle": true,
      "collection_id": "5e31fd1962887026009eaeea",
      "sort": "news",
      "title": "Fofuras Fashion"
    }
  ]
}