{
  "sections": [
    {
      "type": "breadcrumbs",
      "enabled": true
    },
    {
      "type": "page-title",
      "title": "Blue Kids roupa infantil aniversário menino",
      "description": "Loja online de roupa social infantil tematica para aniversario, cerimonia de batizado e ensaio smash the cake"
    },
    {
      "type": "document-banner",
      "enabled": true
    },
    {
      "type": "brand-retail",
      "enabled": true,
      "sort": "views"
    },
    {
      "type": "document-description",
      "enabled": true
    }
  ]
}