{
  "sections": [
    {
      "type": "info-bar",
      "enabled": true
    },
    {
      "type": "breadcrumbs",
      "enabled": true
    },
    {
      "type": "product-block",
      "enabled": true
    },
    {
      "type": "collection-shelf",
      "shuffle": true,
      "limit": 12,
      "page": 1,
      "sort": "views",
      "title": "Roupas Infantis Mais Amadas",
      "collection_id": null
    },
    {
      "type": "collection-shelf",
      "shuffle": false,
      "limit": 12,
      "page": 1,
      "sort": "highest_price",
      "title": "Looks de Meninos Estilosos"
    },
    {
      "type": "product-description",
      "enabled": true
    },
    {
      "type": "product-specifications",
      "enabled": true
    },
    {
      "type": "related-products",
      "title": "Esses Você Vai Amar !!!"
    },
    {
      "type": "collection-shelf",
      "shuffle": true,
      "limit": 12,
      "page": 1,
      "collection_id": "5e286a5362887026009bf0fb:collections:Mais vendidos:/estampas-digital",
      "sort": "views"
    }
  ]
}